Date,target,Random Forest,Gradient Boosting,XGBoost,GARCH
2022-01-03,0.032778816589516556,0.03366051126986271,0.03143979255254879,0.031591777,0.038185408905898076
2022-01-04,0.02926394094303235,0.03394205144177233,0.031410507735748945,0.031807266,0.037204604831115644
2022-01-05,0.03006313447684079,0.03335561639780438,0.03220000176271743,0.032052122,0.04050173737565747
2022-01-06,0.030243388654245158,0.03407929089858502,0.03274949546923945,0.032391924,0.039026088559630356
2022-01-07,0.030492510856583024,0.03432469901167491,0.03232555437912112,0.03288163,0.03992941492632146
2022-01-10,0.02942465392387188,0.03496360268013422,0.031810268499244856,0.03172317,0.03847275715220058
2022-01-11,0.027910572800523743,0.030884534411642052,0.028998176370302952,0.030087188,0.037964431108399845
2022-01-12,0.028079635010588,0.03088733968731171,0.029287576419966977,0.029795289,0.03806573315084045
2022-01-13,0.033701969915840464,0.031573771354643544,0.02904783323911095,0.030215537,0.038469236705868645
2022-01-14,0.032628875041029556,0.03179265630782104,0.02999065974344293,0.030807097,0.03742721288752355
2022-01-18,0.03277428558947867,0.028886415728559368,0.028819181042724615,0.030008838,0.03681607485395229
2022-01-19,0.032785162179075136,0.02878960253104849,0.027304327273426424,0.028675165,0.0362140426371806
2022-01-20,0.03289747996158356,0.029559002800327434,0.02757608381511147,0.028800631,0.03647619327997224
2022-01-21,0.03156788473118163,0.03508689312357809,0.03252309554115063,0.032892995,0.05236535577634828
2022-01-24,0.031771849541967066,0.033346929785719404,0.03225454473468718,0.032867216,0.048977313820262706
2022-01-25,0.031535558512519914,0.03337689893291309,0.03120429612603829,0.031507228,0.04613196227647638
2022-01-26,0.03216993782541164,0.03459433212003556,0.03367311521818436,0.033341248,0.04363519793318864
2022-01-27,0.03082623387971125,0.0344192247900353,0.031406507403934684,0.030687189,0.04160301422308652
2022-01-28,0.03780502372679598,0.031042639740537375,0.030819674925018633,0.030217838,0.04026436860249233
2022-01-31,0.03836725369456262,0.03234260281570662,0.030465620903789348,0.031514984,0.03921859377623315
2022-02-01,0.03842068495952059,0.03180058971895838,0.03131884125930044,0.03131094,0.03789108751219534
2022-02-02,0.036876854350402985,0.033766325499635756,0.03233185822325398,0.03136525,0.04029332984180029
2022-02-03,0.03675878813195186,0.03097758190572684,0.02974472579856812,0.029397741,0.03875932486254357
2022-02-04,0.0368698203678337,0.03724359548068305,0.03799390086758682,0.038054094,0.05392136132703062
2022-02-07,0.03678319840574141,0.03871385304339083,0.036732288180888986,0.03809328,0.053831601635724674
2022-02-08,0.037822279478203165,0.03825538552907703,0.03610134894079021,0.036686208,0.05024869089233939
2022-02-09,0.037840410379244405,0.036950750624751574,0.03622072114344306,0.03567685,0.047161085826915465
2022-02-10,0.03951299723635724,0.03937215201592987,0.035689934686258085,0.035941415,0.04492416630360748
2022-02-11,0.03953666736259383,0.040641745707705026,0.03733671299630328,0.03731246,0.04363636617123719
2022-02-14,0.03976220065956498,0.039711620890336224,0.038026621096020424,0.037929583,0.04154172223593707
2022-02-15,0.039949422562690136,0.03951106183485285,0.03993556126584668,0.038715992,0.042857441856631845
2022-02-16,0.04008971628354618,0.03943680076945583,0.040206416782666406,0.039001815,0.04114797661303527
2022-02-17,0.039958053528657216,0.03949987843183101,0.03852440502300534,0.038986363,0.04861565194023203
2022-02-18,0.043583068411569455,0.04018888923563148,0.038113661143249204,0.037996758,0.045947843789897885
2022-02-22,0.04379714235943777,0.039657048979380084,0.039182256667423365,0.038690947,0.04619468242814217
2022-02-23,0.04371542334443425,0.03823525321748284,0.040795286778600434,0.038757313,0.04463298106459012
2022-02-24,0.04409658964667061,0.039447353640696035,0.0394976311966839,0.038890973,0.043433040972859445
2022-02-25,0.04634620302474781,0.03975496105832422,0.03812303156725487,0.037793957,0.04210664868861673
2022-02-28,0.04195336930475198,0.04209766200036137,0.04075504782307359,0.041872576,0.05261007113698128
2022-03-01,0.042051966906387545,0.042066950798498114,0.04053031282878446,0.040312674,0.05002430692124602
2022-03-02,0.044431082488605,0.0409225563793183,0.039077945052664334,0.039391812,0.047061523989302696
2022-03-03,0.046067188246768635,0.041239724586817676,0.040226587347204766,0.039593913,0.04599541937055479
2022-03-04,0.04617923198405998,0.04433315797635584,0.04286369485073963,0.04301663,0.05202034509229861
2022-03-07,0.0462467874715918,0.04113140259064117,0.03700446592948393,0.03846909,0.0496175224926579
2022-03-08,0.046170591489656944,0.03926304980012629,0.037970870258023114,0.037533887,0.046996227205374164
2022-03-09,0.04686118295923043,0.04160226209960318,0.04301587168154389,0.041545887,0.052576617432983204
2022-03-10,0.045951802239989036,0.04386836892853319,0.044963606185782,0.042939585,0.05379966867709496
2022-03-11,0.04605719701061208,0.043967034203018424,0.04473776487904839,0.0433831,0.05050202890295585
2022-03-14,0.04154029655234764,0.043975580939572885,0.04392439304095641,0.043000404,0.047982762629266554
2022-03-15,0.040659156088744604,0.044284812528847466,0.044475849267080175,0.04353387,0.04529006362179506
2022-03-16,0.0407142315949106,0.04413771373226202,0.047417631155891246,0.04585941,0.04570682331657728
2022-03-17,0.04096922789105233,0.043748352328726044,0.045422568480395546,0.04527124,0.04329556273787363
2022-03-18,0.040867724324472755,0.04317358330054932,0.04643766825306659,0.045668762,0.041853277514464174
2022-03-21,0.041954071960190444,0.03900258739026113,0.04040711072200242,0.040684335,0.04048247246230347
2022-03-22,0.04195915020064709,0.039733317411137545,0.037655507804485074,0.037378293,0.040334857947843535
2022-03-23,0.0412481753184611,0.04162017006928809,0.03857100666447279,0.038565665,0.03899551533519452
2022-03-24,0.0416427624241004,0.038705941638744724,0.03722381736504427,0.036973547,0.03860826215586149
2022-03-25,0.03870007071740215,0.038922963383538844,0.03802848946931503,0.03749449,0.037437531730294515
2022-03-28,0.03856895776238616,0.04008146055451658,0.03858333522333566,0.040196933,0.042135299739105375
2022-03-29,0.037808814362908554,0.0392975589922931,0.03826281494044033,0.039081465,0.04033127703637969
2022-03-30,0.03888961539618891,0.03980429513777971,0.035009379913650225,0.03730926,0.038859283387706556
2022-03-31,0.03866001421772185,0.038904394903462855,0.04054094277085223,0.039253946,0.03925572435909136
2022-04-01,0.03894038094069838,0.04030238824138571,0.03713995572539968,0.038903393,0.03827158791785666
2022-04-04,0.03673581562408397,0.03929983627863036,0.035170557739069186,0.038298856,0.03712092531637746
2022-04-05,0.0364794083382624,0.04151458895035839,0.04047551957521805,0.03938486,0.03698269499020666
2022-04-06,0.03683373611300825,0.0401879756508013,0.03897218599503037,0.039029296,0.040479131605577603
2022-04-07,0.03672836898513012,0.040616528178516687,0.04006051763942906,0.03978456,0.03894162320236181
2022-04-08,0.033766169246426794,0.039684494879989506,0.04062944807351798,0.03959461,0.03888100497787795
2022-04-11,0.03340858893553266,0.04110596782899087,0.03732085105260844,0.039903678,0.04440779072633022
2022-04-12,0.033308031206805144,0.039696331709665425,0.03926082102048824,0.039017957,0.0425017532990186
2022-04-13,0.03007479431635423,0.03967807155766454,0.03726305394207438,0.037451148,0.04154152226404959
2022-04-14,0.028003904527468947,0.03919290063025756,0.03867710133730613,0.037532967,0.041157938460778906
2022-04-18,0.028000223565474762,0.03424131283267878,0.034251954342576905,0.03455087,0.040186637679407874
2022-04-19,0.029827352682983765,0.03380473246716934,0.032825367931126774,0.03176451,0.039051259007942145
2022-04-20,0.03030209534427819,0.03345143227516387,0.03311183754875755,0.031776465,0.03769392322930907
2022-04-21,0.029219249022798162,0.029861059221416533,0.030829866503716812,0.02972609,0.0372667280274249
2022-04-22,0.029677619746261166,0.029423882559610336,0.029099928314022895,0.029928928,0.03684860277111862
2022-04-25,0.029372003162388475,0.028948540900059373,0.02865060271809996,0.028431373,0.03640202507844691
2022-04-26,0.02942834815725582,0.030188932239024927,0.029691693025098925,0.029830879,0.04118933861324849
2022-04-27,0.030400237764830442,0.029399737560028272,0.0321327269331128,0.030349923,0.04075575799778035
2022-04-28,0.03355508750288831,0.028349188803280943,0.03035002531955911,0.030128881,0.03938345847925303
2022-04-29,0.03311160167792962,0.029850412017196952,0.030400352057592415,0.028612897,0.039358659398845086
2022-05-02,0.04484964452782667,0.029161198357038915,0.03198817294934175,0.029063443,0.03794082324382858
2022-05-03,0.04323586394569654,0.027505399616523707,0.02886133150170638,0.028199868,0.03744930414955755
2022-05-04,0.04420616748809828,0.02512227968467218,0.031871531593305545,0.02971864,0.04040964024652274
2022-05-05,0.044340552516345735,0.03203731450770574,0.028920848176149268,0.030374873,0.04829545059781414
2022-05-06,0.044435352976816854,0.02849781732569911,0.030958568784370526,0.030160425,0.045754553354092946
2022-05-09,0.04452175885433579,0.04265021771181906,0.04445426358984291,0.04160865,0.0747284693790453
2022-05-10,0.04476184147087261,0.04122886163544918,0.04163553780077164,0.040963538,0.06886427567619054
2022-05-11,0.04543839361559937,0.041822112057119186,0.039161017210500956,0.03911104,0.06778614888598353
2022-05-12,0.046571340120530436,0.04087895486111293,0.0408131265297047,0.038796425,0.06230648972054113
2022-05-13,0.04666096656523153,0.04166236366453821,0.041373125328286055,0.039342634,0.057592726950124386
2022-05-16,0.046604907174892546,0.04197822689571248,0.04218471310051248,0.040259443,0.05388151440534441
2022-05-17,0.0457430008531918,0.044135240595882,0.04404652727832972,0.04214612,0.050667910909771546
2022-05-18,0.04552249355129154,0.04398958917289291,0.047793599348579456,0.044231065,0.05161960946917007
2022-05-19,0.045019342552394086,0.04464046971372021,0.047727908493393305,0.045280736,0.05188572813701645
2022-05-20,0.04492428600395449,0.0446226903388577,0.04669975865931012,0.04571173,0.05027429480973611
2022-05-23,0.049355970107950224,0.04381218002216258,0.04858558265557699,0.046510212,0.047166493930679516
2022-05-24,0.050169754866982295,0.04334218727611625,0.045282212600981794,0.043830294,0.044996067169012575
2022-05-25,0.05051890249246632,0.04304529751243751,0.04412202797796254,0.04145067,0.04267722744509427
2022-05-26,0.05055961228347377,0.04340354448961708,0.044604982746401824,0.04185667,0.04086032408840943
2022-05-27,0.05188825585706581,0.043369405884081835,0.04240337803390889,0.041980352,0.03994515954269833
2022-05-31,0.051660294424581706,0.04438124630085178,0.04606092420019484,0.045171544,0.05319058861756886
2022-06-01,0.05094266287450983,0.044767335777302845,0.04647951427716145,0.04693628,0.05459777988801191
2022-06-02,0.050476779019371615,0.04468582859206434,0.04605896143355511,0.045806065,0.051450463439009254
2022-06-03,0.050509669752242324,0.04415106675523743,0.046717950330814904,0.046380777,0.048971953341398165
2022-06-06,0.06766940731377445,0.046238481679209624,0.04835930552871807,0.04730313,0.04986138178415607
2022-06-07,0.06761138527626773,0.04620411695275755,0.04907292729919339,0.048664402,0.04686007291461314
2022-06-08,0.06790551977760144,0.0444528298471232,0.04679155625615127,0.04713069,0.04553177353397026
2022-06-09,0.06838509580354277,0.04444424132566075,0.0476513007817791,0.04752214,0.04313251266384503
2022-06-10,0.06759742286337297,0.04457075593313975,0.047387448415324045,0.04645962,0.0428605746312108
2022-06-13,0.06783009716789776,0.057908832980216346,0.06107181483043233,0.060364805,0.09905663297304561
2022-06-14,0.06131182764092429,0.05718981014394689,0.0626093536322141,0.061043773,0.08989666769724927
2022-06-15,0.062177890626335795,0.05765728360546964,0.06242627842560189,0.061620455,0.08190011852359397
2022-06-16,0.06133307911603711,0.057911862959627726,0.06174433694614017,0.06253191,0.08280569687451593
2022-06-17,0.06131953984464385,0.05791626863354716,0.06299754290783591,0.06127207,0.07546889393343033
2022-06-21,0.061239783439252474,0.05743120540749157,0.06348423521776109,0.060726203,0.06913047327872002
2022-06-22,0.06094936716017814,0.057818888438942354,0.06049229812154797,0.05847642,0.06467952259806582
2022-06-23,0.06065231384811173,0.05830816395613039,0.06196015185284353,0.06028199,0.06247348629667709
2022-06-24,0.06014815751185641,0.057573837367818716,0.05969299243547263,0.05730085,0.05771873373089296
2022-06-27,0.059879166870556645,0.05713840658899199,0.06042246528692045,0.057864122,0.054188280703731426
2022-06-28,0.05996491177985157,0.05409838016841055,0.056531405085497075,0.056473576,0.05110213535977603
2022-06-29,0.061060955256585316,0.05449464727738961,0.055061947323420166,0.055329137,0.047956824905541276
2022-06-30,0.06088090290605422,0.05383384248947606,0.051841219989956666,0.052844055,0.04552202365379988
2022-07-01,0.062342113282040756,0.05362490493568332,0.05473032599674795,0.05438197,0.04409095912892717
2022-07-05,0.06244351718565499,0.053718963479145676,0.05160173397689477,0.052570205,0.04498456434485296
2022-07-06,0.06333081813154005,0.05371239094735799,0.04996562430662402,0.05155156,0.04309686612259098
2022-07-07,0.059696514608250095,0.05707448310778744,0.05758562048882087,0.05758447,0.044882101602852845
2022-07-08,0.05912349565607486,0.056618942646597135,0.058397020599442746,0.059053726,0.04259348850838447
2022-07-11,0.060990193109987045,0.05819291626599906,0.05833464005043941,0.059296474,0.05029770353641081
2022-07-12,0.06157574021267562,0.058698760038912605,0.05980419223639848,0.059417784,0.04856329180669658
2022-07-13,0.060435100494489156,0.06047679520452609,0.0599822351706593,0.0593572,0.04833353749326174
2022-07-14,0.06044661492191857,0.057668061302852965,0.05619643023721384,0.05490908,0.04590956893962746
2022-07-15,0.06034900266725763,0.05814216522262562,0.05617246321641776,0.053762857,0.043669941136016854
2022-07-18,0.061071913510014536,0.059467428155741346,0.05817906228996574,0.058376454,0.04939714590238508
2022-07-19,0.0609197948377207,0.06012072135953408,0.061639787732252524,0.059681006,0.04841683427504811
2022-07-20,0.04177398221835868,0.055857547313750026,0.05644474958993313,0.054533854,0.04562760622821438
2022-07-21,0.0422712098140824,0.055826828288610186,0.05665777311369375,0.05467206,0.043209123086614266
2022-07-22,0.04219362743788294,0.05694209989735375,0.05763093770332132,0.055399515,0.04172621588475642
2022-07-25,0.03765860214327363,0.05885205095468764,0.05961607630140766,0.05881149,0.04535586819964985
2022-07-26,0.03781809765543178,0.05918822017951367,0.0604188198924092,0.058079693,0.04301413299854583
2022-07-27,0.03782801467462587,0.04228846526710258,0.03995828109669457,0.04327586,0.049013297325561866
2022-07-28,0.03719921192333461,0.041312712994855456,0.04063477420691134,0.041072216,0.04806826171214162
2022-07-29,0.03632837529116669,0.04131813136863979,0.04280151655788886,0.04165822,0.0452727671948221
2022-08-01,0.03648562948623013,0.042043640861885494,0.03971559496069675,0.03941245,0.04351410641217102
2022-08-02,0.036591419602827184,0.04239021804826741,0.040353134487666434,0.039139293,0.041724546685267365
2022-08-03,0.036639574687575144,0.04013690564283684,0.03989010884286075,0.039028287,0.039959838356211475
2022-08-04,0.03655448470496752,0.03975642394514544,0.03989176361199688,0.039586697,0.03857782606240189
2022-08-05,0.03638470121040871,0.039035351660022796,0.0387315729667028,0.038023826,0.0386184928009666
2022-08-08,0.03600336496303493,0.0382423812358891,0.037901866826054745,0.0384489,0.038115046312593236
2022-08-09,0.03536716114534193,0.03853441070043924,0.038277518985905236,0.038138963,0.03813941811398112
2022-08-10,0.035672668196645475,0.0383373984584113,0.03719739514074903,0.038302954,0.038721359736675384
2022-08-11,0.03456040259472621,0.039169776700817366,0.03851041640602549,0.03824293,0.03740464073845742
2022-08-12,0.03981523553757829,0.0362097031185386,0.039554576371014935,0.038018055,0.03688469825903844
2022-08-15,0.03683010872614328,0.03597033847560252,0.037748149973390044,0.03714925,0.03609086969073602
2022-08-16,0.03622734691214681,0.03533108073453772,0.036045999211270205,0.036208414,0.035427263239398175
2022-08-17,0.03540913713996583,0.035139787622167115,0.03754647759975838,0.036551207,0.03562929778914783
2022-08-18,0.035317400317879714,0.03465952229146649,0.03413049404212746,0.034634613,0.0349037408303333
2022-08-19,0.03721657641286866,0.038190157438330805,0.03745939634914878,0.037395474,0.05056896179647673
2022-08-22,0.03426271514985462,0.04076674574787348,0.038995903041273185,0.038590893,0.04818570318213399
2022-08-23,0.03349657439299216,0.03786382309486881,0.03679532061507034,0.037130862,0.04541814208923919
2022-08-24,0.03366046152087525,0.0373690905573093,0.03800310221216724,0.036893878,0.04307486527220207
2022-08-25,0.03369690336372874,0.036059956871782234,0.03594523448240162,0.03636156,0.04118002379697249
2022-08-26,0.03358563833546565,0.042547646056365074,0.04020212949321201,0.039187945,0.045408784106377095
2022-08-29,0.03341013009934802,0.03303317623075883,0.035679528342967684,0.035866547,0.0430170116375811
2022-08-30,0.0337945183273868,0.031880356391447165,0.0344926574384965,0.033072233,0.04192179533875498
2022-08-31,0.03028236444280204,0.0318134173489925,0.03375273084748874,0.03296194,0.040321096315756144
2022-09-01,0.03514372444106765,0.031937721672515414,0.03333764692354122,0.032968275,0.0387590208928022
2022-09-02,0.036259575557846445,0.03158871165580682,0.03422583041657932,0.033701718,0.03753674720509567
2022-09-06,0.04010621322292082,0.03223290863748826,0.03427915771793513,0.03276247,0.04178316359123991
2022-09-07,0.040063581719481205,0.03205744966418439,0.033321864771608554,0.033735845,0.040817129084946106
2022-09-08,0.040279359283140664,0.030256832960793633,0.0297560359798655,0.029761635,0.03915622523573794
2022-09-09,0.040299392665128934,0.034877147383958376,0.03536345826237123,0.035346206,0.05175045584544939
2022-09-12,0.03982421512339776,0.038553206614923397,0.03493966189590427,0.036133304,0.05094757130648056
2022-09-13,0.03978420983521713,0.041244917684232225,0.033752614652236945,0.035372514,0.058672280607402
2022-09-14,0.03966263336280059,0.0391524254902358,0.03640774257098134,0.036533616,0.05438232997927492
2022-09-15,0.040161817447064055,0.040661020708284895,0.036623412368521076,0.036011316,0.0515530586868625
2022-09-16,0.040138092302110476,0.03974052571220832,0.03876919931556375,0.03677634,0.048261308778577934
2022-09-19,0.03985259675246535,0.03957692370498367,0.03938350760351758,0.037708297,0.04561594994092713
2022-09-20,0.03985024118385793,0.03948159396091514,0.03863423416972073,0.036589045,0.04480412604946483
2022-09-21,0.040088907842074875,0.041175682537941564,0.04075111548550172,0.03864754,0.042985169943769906
2022-09-22,0.04005019438341575,0.04015326770930313,0.04116256910226739,0.039644975,0.043984975864278214
2022-09-23,0.04005082435758918,0.04232833429371993,0.04066689231636329,0.039532024,0.04186201359816875
2022-09-26,0.03537901115602007,0.04109566198739902,0.03922799617647327,0.03908915,0.04004750332569174
2022-09-27,0.03572227619963392,0.03828336366933687,0.03936280602090522,0.038627446,0.03856194248207876
2022-09-28,0.03571371837982379,0.03870701070710644,0.0367531119440574,0.03638477,0.03771401205183214
2022-09-29,0.03573693301146288,0.03853947616784714,0.03634093976595009,0.0359956,0.036664718987121876
2022-09-30,0.03581654198857605,0.03868769663231791,0.036209455833955254,0.035815112,0.035794882334154336
2022-10-03,0.0341191606531306,0.03524649952835453,0.03398519672842494,0.03335315,0.035159207799215615
2022-10-04,0.0341152916243187,0.038153697156397194,0.033979420693158895,0.03282366,0.03667436170017138
2022-10-05,0.03386354623188005,0.03832144476316959,0.03427792191150958,0.03322278,0.03584263671376349
2022-10-06,0.03385003703587709,0.039508718735740946,0.03375462464109582,0.03328597,0.03521263838349312
2022-10-07,0.033876220374304655,0.038291448352869,0.03366998764273104,0.032979473,0.03526797402900901
2022-10-10,0.03405655146453478,0.031622225083539963,0.030362415768988307,0.030686568,0.035331732113559944
2022-10-11,0.03234821544015852,0.030776592008394155,0.03252112059590808,0.030486342,0.034650144491341746
2022-10-12,0.0321124806077113,0.03099392783578695,0.03269547096440732,0.030394357,0.03410944266936769
2022-10-13,0.032118467471637484,0.030558359689635,0.031098412574739696,0.0293232,0.0338631129575603
2022-10-14,0.02585951844640659,0.03148044757813582,0.031107312650245984,0.029593391,0.033605343600896564
2022-10-17,0.02429732058400592,0.03566305562480709,0.029275657493692354,0.029986685,0.033856113857403405
2022-10-18,0.01838725126451854,0.03690895709409598,0.02890373058963553,0.031117953,0.033634823497608275
2022-10-19,0.019358973585767894,0.03375996777298114,0.028303502289490922,0.029994227,0.03341740820573577
2022-10-20,0.019198154651025548,0.03371463936887722,0.02866316381460542,0.03012551,0.033089161504080235
2022-10-21,0.01936743081606138,0.029489725261424297,0.022975363947422046,0.025463449,0.03285817702554438
2022-10-24,0.01925000173291964,0.028298373963293433,0.021214019884333156,0.024515698,0.03275123970583387
2022-10-25,0.018048803314569786,0.022809474795025726,0.01782167280205375,0.018068127,0.03514610489966681
2022-10-26,0.01796047469350347,0.0227239663459255,0.018012376545826495,0.018507775,0.036353310875521426
2022-10-27,0.01603395490232603,0.02213784585385501,0.017619233915143938,0.017871778,0.03640300469475302
2022-10-28,0.017858948113350946,0.022017769957747426,0.017394649937208462,0.018884202,0.03588463768329492
2022-10-31,0.018600495816760716,0.022351623862001166,0.01815302441629717,0.01830151,0.035104791695204404
2022-11-01,0.027065771024474987,0.021170656718240848,0.01757054002516192,0.017816696,0.0344255020523799
2022-11-02,0.038793074711826,0.02255194099815004,0.017474078146416452,0.017615031,0.03433438441334367
2022-11-03,0.043537443286369146,0.02232355454814407,0.01763910274283353,0.018093927,0.033807902970452296
2022-11-04,0.04384131248348799,0.024184652514925884,0.019098491484926924,0.019484457,0.03696404269176476
2022-11-07,0.04390890220936131,0.0232017833640738,0.01949332879237217,0.01818941,0.03709705711282947
2022-11-08,0.04341364054424192,0.028829163739722597,0.02523808890489242,0.029974272,0.05165496156088877
2022-11-09,0.04342836489953281,0.04892623004727523,0.03846903334609659,0.037732117,0.07272086540745887
2022-11-10,0.04344251596625679,0.052338134252001386,0.041967419986247145,0.045661863,0.07561282897292144
2022-11-11,0.043367539948516366,0.050872194021817814,0.04147105943422953,0.04231016,0.07003735096233425
2022-11-14,0.044270500819631,0.050886327650562654,0.04075587771697955,0.041313346,0.06484003294083768
2022-11-15,0.044644993171341144,0.042710742148499486,0.040351976761983016,0.041518286,0.05998525625366277
2022-11-16,0.044965479306850034,0.041926170886608265,0.03910197356757792,0.04034518,0.05569225114568441
2022-11-17,0.04485795182366861,0.04186073693493369,0.04370102823230806,0.04187679,0.051802418113191875
2022-11-18,0.04491555050689703,0.04179538936924391,0.0410922382873561,0.04151002,0.04845872871740884
2022-11-21,0.04483222947008841,0.04251065149669304,0.041718822597043785,0.042322055,0.049662839698433575
2022-11-22,0.04569211861075323,0.043704099648082265,0.04200190059134921,0.041988045,0.04745724812837025
2022-11-23,0.045700920160759745,0.04423239339625496,0.04319820639531,0.04139812,0.04564630782875184
2022-11-25,0.045746038462601404,0.04353520356508396,0.04594879534136844,0.044842564,0.04325399295579004
2022-11-28,0.04571095993673924,0.04336723478206754,0.04557690933965849,0.044410966,0.0417072107769988
2022-11-29,0.045690614693737086,0.043783718236692935,0.044425614566659125,0.044062573,0.040193089971526694
2022-11-30,0.045018251672732136,0.043509998414424544,0.04522183035037801,0.044324096,0.04147709723472433
2022-12-01,0.04474758867288635,0.04352994314682996,0.04348071852317079,0.04485706,0.039917009750816704
2022-12-02,0.04462696875162487,0.04307609209936809,0.04259645699982223,0.04373689,0.03848007917453056
2022-12-05,0.0444963989141794,0.04310136546109249,0.04549360136301085,0.043652453,0.03727805612612037
2022-12-06,0.04505902026599615,0.04324186379949802,0.045129200499409904,0.043688726,0.036286998764811305
2022-12-07,0.04506911414140999,0.0436132345954546,0.045908606702510506,0.044636887,0.035743985862373845
2022-12-08,0.04518656790423953,0.04316201441977517,0.04569864553427479,0.044289924,0.03583733604596659
2022-12-09,0.04566576253692035,0.04228289911256327,0.04337056954609323,0.04105678,0.03508462852391231
2022-12-12,0.04461255903485831,0.04207888554208238,0.04291440151097726,0.040975574,0.034441116258599414
2022-12-13,0.04496416724536349,0.043725413323429045,0.04533415730351275,0.0432568,0.035791151319949165
2022-12-14,0.04090781859073413,0.0433959354572277,0.0457448412742374,0.044563953,0.03499346722892066
2022-12-15,0.02921077015484473,0.04321448099699021,0.04769000915468484,0.04439845,0.035491645087791304
2022-12-16,0.02226730583269652,0.04336615836586878,0.0461211864507035,0.0442593,0.03776268581039485
2022-12-19,0.021529162668942323,0.042198003402203046,0.04354156185210554,0.042146012,0.0368745633822301
2022-12-20,0.021122976095665862,0.043323304334944336,0.04546878657264266,0.04300813,0.0371966215141493
2022-12-21,0.020934288747451478,0.03871379617910254,0.037525469784588254,0.037152626,0.03619001277868185
2022-12-22,0.020808432741307708,0.02857840909421455,0.03157849375501367,0.02974801,0.03531526838596017
2022-12-23,0.020825757226455407,0.024031419476255485,0.02767755992742371,0.025911465,0.03460416300480566
2022-12-27,0.020921525652528448,0.023957042414923076,0.02677068785322104,0.024407221,0.0340573139245097
2022-12-28,0.018020400525758967,0.023755035211242125,0.02699455638869385,0.024677912,0.03375004421409251
2022-12-29,0.017516088004825098,0.023766086922638187,0.02752457873463517,0.024911935,0.0333753872018288
2022-12-30,0.01709451429598752,0.02379778366252705,0.024019030620592335,0.022829568,0.03302821558221847
2023-01-03,0.01721547059426177,0.023293849304340072,0.02322980810406797,0.023090318,0.032777044720885856
2023-01-04,0.017392671866253772,0.02400465269526301,0.023252181535070162,0.023505533,0.03275891147606747
2023-01-05,0.01935742150948454,0.0220428662177244,0.017828580943934563,0.018721256,0.032523613635101076
2023-01-06,0.020162997886222108,0.02139463860129882,0.017960207038670076,0.018272351,0.0324174992240691
2023-01-09,0.022340807659318333,0.02228254136913382,0.01774962653587326,0.018187383,0.03263278830539021
2023-01-10,0.023000832001423624,0.02249824541065139,0.018176799539083837,0.01842172,0.03280934306567271
2023-01-11,0.022977061335735155,0.022481408765264933,0.01841922484485421,0.018422075,0.03397085177315867
2023-01-12,0.025897284988112088,0.023105785414673476,0.01687289495472316,0.018624552,0.03794627837866992
2023-01-13,0.02550977192233484,0.02563054318224029,0.02323692987012895,0.025793655,0.041299617978934264
2023-01-17,0.02574588250262277,0.025811574389393944,0.027357471293499587,0.02604602,0.04496798492406958
2023-01-18,0.02567608793030323,0.025660540729956955,0.027164200626300577,0.025789194,0.043369529341992584
2023-01-19,0.02577805905043443,0.02444021288077397,0.027067118327472217,0.026486576,0.041828316082137544
2023-01-20,0.025436241266801125,0.02844285701454998,0.028601593769447164,0.029715486,0.047432258358044745
2023-01-23,0.025647791438006093,0.027736986109407714,0.0279545159965799,0.028955927,0.044903695760438324
2023-01-24,0.024843791002972324,0.027859718219181578,0.029100949055053362,0.029263142,0.04283123476511008
2023-01-25,0.022974031442379302,0.027596150426641545,0.02807792870762946,0.029113334,0.041499707041553764
2023-01-26,0.02290751812192943,0.02771637809636316,0.028688768181100045,0.02938759,0.039741707007607846
2023-01-27,0.022814677277182626,0.02260774992648438,0.02534355928448677,0.026163626,0.038258910770500656
2023-01-30,0.02383327816586453,0.02218431155306118,0.024362684343916176,0.025841905,0.03720002952081922
2023-01-31,0.02386070906015746,0.024798791675028565,0.024755109569184808,0.025693292,0.036432765132053554
2023-02-01,0.024183438761055484,0.0248571589660167,0.02439384826396674,0.024624137,0.036576047799979104
2023-02-02,0.026469223880316327,0.026287492105847486,0.024855200868044644,0.025069661,0.035827847655205705
2023-02-03,0.02641902142179554,0.02176970233960204,0.022172749549031825,0.023773605,0.03501863876178348
2023-02-06,0.026412713197854366,0.02133238089346436,0.02167153055267785,0.023254164,0.0359132379080362
2023-02-07,0.02637997609573247,0.02142272500604863,0.023494233246732565,0.024344388,0.03591905006565874
2023-02-08,0.030127662918548202,0.021770453714022826,0.022930856801561292,0.023521472,0.03543693425362754
2023-02-09,0.03104953718305209,0.02333734537006149,0.024592051545902313,0.025175586,0.038889786469184985
2023-02-10,0.03135755803381784,0.023432339298432567,0.02464889183523489,0.026145212,0.0376417735205706
2023-02-13,0.03151172210995496,0.02359154594129108,0.024634471761912767,0.026179487,0.0365981699437227
2023-02-14,0.03177100684899631,0.024272202413752053,0.025003366220886194,0.025890855,0.03625136492775303
2023-02-15,0.03200285721221857,0.03383957987771369,0.030318909850338166,0.030583669,0.047353695203414425
2023-02-16,0.03274035883122227,0.034770654573940366,0.03393540283339484,0.031933516,0.04577119781618312
2023-02-17,0.03177829720479582,0.03451300252337592,0.03519687808062464,0.032347016,0.045439148760165464
2023-02-21,0.03081054121444072,0.03256763683698994,0.03541110361417896,0.033125922,0.04307745781551589
2023-02-22,0.029131990474195187,0.03404044595114576,0.03701251417257865,0.033576056,0.04120000523674687
2023-02-23,0.02878725934396802,0.033587444345337565,0.032288386535822396,0.03161229,0.039626246291266785
2023-02-24,0.030197574848000546,0.03399029809415549,0.03241024603094064,0.032343235,0.03975290473568821
2023-02-27,0.027089815848982696,0.033523732931705484,0.033205458961348744,0.03198048,0.03857137953998597
2023-02-28,0.027045988403995868,0.03153859041983217,0.031004524393363417,0.030730156,0.037704969830150065
2023-03-01,0.027253495894665972,0.029166315637496817,0.029818585323673683,0.03007272,0.0373209073328529
2023-03-02,0.02922449422442913,0.02801991228985085,0.03048706022308334,0.030635606,0.03633480850998728
2023-03-03,0.029235461577846594,0.029675947116968526,0.029536462301456092,0.029521357,0.039315796430208876
2023-03-06,0.04476797298033484,0.026888097454864663,0.027816570860035132,0.028461281,0.03791267683684908
2023-03-07,0.04486610116364412,0.02637817022825945,0.02705104685253399,0.028009728,0.03688227106267964
2023-03-08,0.044935805063310505,0.029274429273031675,0.028747250727175867,0.029033361,0.03676715480473819
2023-03-09,0.0449814878920157,0.029354600010792372,0.027427535179083504,0.028750144,0.04232749389573148
2023-03-10,0.04771767880620182,0.03031828894727907,0.028549763854138627,0.029854339,0.04052897924568764
2023-03-13,0.04772086845181713,0.0459488260515993,0.044942221485042885,0.043249413,0.07452813098681994
2023-03-14,0.047269590846916294,0.048534733021219516,0.04521896238074051,0.044127364,0.06863788953333007
2023-03-15,0.04769183668625048,0.048145135696579876,0.0458710197597893,0.04602731,0.06325632329577956
2023-03-16,0.047884124058989064,0.048057068021264665,0.043388937866681763,0.043207534,0.05913381380565172
2023-03-17,0.04719711752840556,0.04931403737720933,0.04588574409509591,0.046068247,0.06329658947596792
2023-03-20,0.04726544655280861,0.049480521686758545,0.04868346321924042,0.04868563,0.05854598075617115
2023-03-21,0.04726823043119875,0.04971124589902059,0.04897001880574227,0.048198733,0.05450599050472461
2023-03-22,0.047575505402861935,0.049182203744789946,0.048051711624220485,0.04795124,0.05195352614597928
2023-03-23,0.045107070909925454,0.04934742761834952,0.047914687903036865,0.04774844,0.05028272846019826
2023-03-24,0.04470228869978214,0.048155062425036727,0.047170683046119516,0.047367036,0.048326986866368694
2023-03-27,0.044596731192167116,0.0462687721094742,0.04834888963211388,0.047635954,0.045715164896511666
2023-03-28,0.0445922427681079,0.046764403593531303,0.04642953389216807,0.04764029,0.04330293091908211
2023-03-29,0.04451213671497654,0.046707252305740146,0.04560073893337956,0.04633476,0.043428902497149216
2023-03-30,0.044460818921102575,0.045929200909172525,0.04395812215934337,0.046200167,0.041525984167623715
2023-03-31,0.044817466683057174,0.043733579258784495,0.043767504620362024,0.04479603,0.040124706123215115
2023-04-03,0.044853223182711344,0.04068320975421369,0.04157610805213884,0.042619854,0.03951490830124024
2023-04-04,0.0446719948487196,0.0413788631210851,0.04304760548385703,0.044754717,0.0383574566587947
2023-04-05,0.04460919704136265,0.04162784309876549,0.04276746548635162,0.044160876,0.03710282187149678
2023-04-06,0.04452513514952971,0.04146181805358789,0.04326550523623819,0.044622026,0.03610415661687679
2023-04-10,0.0439799506796827,0.04443636086026227,0.04442507204343269,0.045093242,0.04031200646973271
2023-04-11,0.04415517116683298,0.045050867375307245,0.044732264066698973,0.044934295,0.03932369194295391
2023-04-12,0.045526025366019456,0.04385370344166789,0.044861857166459476,0.046292115,0.03792109635105548
2023-04-13,0.0454658322740335,0.04096007853604567,0.04364208393831791,0.04441533,0.03686470540801443
2023-04-14,0.04412726114954519,0.04196767097240262,0.04261316046531757,0.043249894,0.03588314274843813
2023-04-17,0.04399065369673165,0.04095224779283693,0.04040995113643365,0.04209563,0.037119012526323714
2023-04-18,0.030204027518975538,0.04083740387889632,0.04016679382759801,0.041940853,0.0377678990095005
2023-04-19,0.030029276156624332,0.04519607217593542,0.045067708700340894,0.044971503,0.041096477475760985
2023-04-20,0.030331507916523927,0.045358912340441995,0.04594343068703204,0.046266004,0.04001630910465472
2023-04-21,0.030126618294601514,0.04122983459591838,0.042158925033269415,0.04339148,0.040383092068503636
2023-04-24,0.02681168311080518,0.040363233801797654,0.04231743788286942,0.043103572,0.03891737315739039
2023-04-25,0.026978445255112154,0.03375215976792589,0.02916741984204533,0.030892445,0.03883200237308224
2023-04-26,0.02692789597980776,0.03347826236435704,0.028651833613117697,0.02957613,0.03752319563856232
2023-04-27,0.026265266673667655,0.03322759487499067,0.03004390337900975,0.029525697,0.03857641046922917
2023-04-28,0.0257579239389027,0.033367705855105304,0.028930471266890523,0.029432701,0.03731813151336478
2023-05-01,0.02787123031833567,0.029759334834353137,0.027278131047546283,0.027935455,0.03932344614796697
2023-05-02,0.027762194938163298,0.030688451425819985,0.02712376419182147,0.02813044,0.0385970390867912
2023-05-03,0.027753494365398885,0.029400405998207996,0.025696625147003032,0.026452297,0.03751107206067234
2023-05-04,0.027083083275768402,0.028103976426901333,0.029175860527141266,0.029345797,0.03645318600392689
2023-05-05,0.02704507705279575,0.026571716085472794,0.025728733886052076,0.024942951,0.036476334109548335
2023-05-08,0.027015775091644725,0.03537968632686207,0.03154129363001668,0.030162048,0.0421074644596092
2023-05-09,0.026682208918643948,0.034968318953337255,0.030957379855134255,0.03117649,0.04023257580106624
2023-05-10,0.02667851268792789,0.03516677477648082,0.03108122852225585,0.030855868,0.03866447067560274
2023-05-11,0.026924421000600232,0.02966884640595208,0.03086769686640428,0.028766174,0.03819922168126686
2023-05-12,0.026926312253271877,0.0292644154103906,0.027223263481481456,0.028889699,0.03705958973268075
2023-05-15,0.024667882756053087,0.02826408605627162,0.03037582872127835,0.031046154,0.03638032326080975
2023-05-16,0.024510727130270357,0.028440789145985187,0.03183731948882973,0.032257244,0.03552804942253448
2023-05-17,0.02510585329937052,0.028528617990211932,0.028428239110937985,0.029018966,0.03508322806713284
2023-05-18,0.025054587631698603,0.030240386727680413,0.029592249573732334,0.030976187,0.03517961804486617
2023-05-19,0.02514531350900826,0.02918325138096798,0.027887852892913654,0.028411103,0.03449449725589882
2023-05-22,0.02552286762622949,0.02288975466911831,0.02505815155823093,0.025691178,0.03393073520338298
2023-05-23,0.02484721149267769,0.022158093973482493,0.025913294537803996,0.024737861,0.033818944527070995
2023-05-24,0.023138508611384227,0.022448123081175442,0.02607618038023229,0.025282793,0.035359123189876274
2023-05-25,0.02311908043944489,0.022939510762034376,0.026208366488261095,0.025836272,0.03468393501767897
2023-05-26,0.024477390144064862,0.022217873174194828,0.025151374058407616,0.024442822,0.034231863417073745
2023-05-30,0.02659642599696285,0.023710794528478962,0.024623722612103306,0.025574537,0.036017009751292205
2023-05-31,0.026698025998248037,0.021992243487119163,0.02344983751993611,0.024364993,0.03570865150571121
2023-06-01,0.026718056641214856,0.02307982946984933,0.024111824481755976,0.024888666,0.035302767490034526
2023-06-02,0.025706570886929948,0.023102075647879868,0.02358885828705897,0.024916153,0.03503332266138682
2023-06-05,0.0259275340394401,0.022552781987771928,0.024344615416417113,0.024723213,0.03962211046710754
2023-06-06,0.024848113238761012,0.026108882824052455,0.02600288942022852,0.027860692,0.04288386412564061
2023-06-07,0.024965527140584188,0.028568999649558655,0.02772990774555781,0.0296604,0.042520798080260915
2023-06-08,0.02513492560691495,0.027723515442213995,0.02599665071071692,0.028440628,0.040634117565803575
2023-06-09,0.02584976839267503,0.02374043902300253,0.027829693170764405,0.028018842,0.038998497865023476
2023-06-12,0.02901035837285583,0.026514300101898803,0.02823378815551655,0.027149111,0.03842214720376077
2023-06-13,0.028468972941760557,0.023193216066081962,0.03017454498433008,0.02757574,0.03715687771388737
2023-06-14,0.028485103802278262,0.022632757254649062,0.03185863626884866,0.026587011,0.03772375974411145
2023-06-15,0.028785928821101186,0.025377470692756258,0.02710993963771275,0.02492013,0.037108447975317774
2023-06-16,0.028552693141744013,0.02639012353980922,0.025588636167753732,0.025664752,0.037471882946078415
2023-06-20,0.028528431752757977,0.028661542996968818,0.028006412087317537,0.029877057,0.04452568386781279
2023-06-21,0.028802365136505026,0.028023411556802498,0.028185742590193692,0.029310916,0.04694974056196477
2023-06-22,0.02878951103338689,0.028647372691847948,0.027936078425390577,0.028716506,0.04433865949964505
2023-06-23,0.028739208793594453,0.02867658414872872,0.02647508594077126,0.02804951,0.043072727196569245
2023-06-26,0.028548322400852442,0.028646951733353163,0.028472847229734487,0.028755154,0.04133045824120564
2023-06-27,0.028932613827045192,0.028525067259593535,0.02718819605052913,0.029149048,0.039868942268515305
2023-06-28,0.029254866701368714,0.029210060903121105,0.028241813742307942,0.029084656,0.03898285373422791
2023-06-29,0.029261329485953176,0.029538861257845266,0.027885172159585577,0.028457025,0.03785098941715849
2023-06-30,0.02842373183476374,0.02920001955489793,0.02682705741734163,0.027962232,0.03668518633979266
2023-07-03,0.028425847855467465,0.02870155446553186,0.028630207108634054,0.02882975,0.03654861388261939
2023-07-05,0.028501697356393844,0.028755211537716086,0.029027367789343957,0.029305527,0.03635104604771602
2023-07-06,0.028461035694771833,0.028972042750311833,0.029513940254625382,0.02982851,0.03613564120789564
2023-07-07,0.02918435884647238,0.0287024726975907,0.028577107918339378,0.029184503,0.035628079547601874
2023-07-10,0.029039593555191635,0.028510626044221256,0.028599713808898624,0.028778242,0.034863236248859
2023-07-11,0.029050121493520837,0.028613385321346965,0.02768151167430705,0.028455,0.03430990846397976
2023-07-12,0.026813901908640896,0.028695182218554317,0.02918541904298875,0.029552659,0.033879357388147416
2023-07-13,0.025071833512124803,0.02878501534478165,0.028393039284406184,0.02896781,0.03561722309561279
2023-07-14,0.024115655306609467,0.028952241415823452,0.029459308224018075,0.029740708,0.03717790155234251
2023-07-17,0.024684861181388684,0.028825785989514175,0.029219097211845523,0.02964,0.03619331315701631
2023-07-18,0.024673580152643277,0.029034993062200403,0.02952247392285241,0.029836267,0.0354786367498949
2023-07-19,0.024204444910581397,0.02799261315808566,0.02778131222489913,0.027535876,0.034737388034091765
2023-07-20,0.0242536750360134,0.025604181725816015,0.02527387984448465,0.02556039,0.034155056313518624
2023-07-21,0.023331607589189042,0.02557732322454115,0.025700972214679294,0.02549397,0.03367850926238482
2023-07-24,0.02325164915469902,0.02638543385897077,0.026365239063533753,0.025777798,0.03437984654281407
2023-07-25,0.02288379609350018,0.026466134320413285,0.026175781944131275,0.02588903,0.0338389715278051
2023-07-26,0.01911184075533629,0.026605505027860837,0.025881446785372846,0.025337381,0.03342856140901373
2023-07-27,0.015754152891127266,0.02596990966936152,0.02475963841264449,0.024955256,0.03310579910210145
2023-07-28,0.01575265983369698,0.02650448515867464,0.02358325602319327,0.024372002,0.03282509964653039
2023-07-31,0.014951806255050172,0.02854956621673832,0.025871880938274562,0.026323315,0.032589893901477505
2023-08-01,0.015266779752916397,0.02839790337528892,0.025715548058952917,0.026401121,0.032814630682816336
2023-08-02,0.015065450539692715,0.026796026135229443,0.02363730777766288,0.024684979,0.033157704392056724
2023-08-03,0.014668844797094937,0.02632736922611721,0.023707068254810407,0.023326308,0.03284286678804699
2023-08-04,0.014474505108613839,0.026631302702004814,0.024401944901189198,0.02316278,0.032611075535688476
2023-08-07,0.014471441090422622,0.026617274666798977,0.023966980733493348,0.023008723,0.032424988933091606
2023-08-08,0.01383575951677977,0.026929250610535083,0.02323802441163396,0.023523068,0.03299251992598474
2023-08-09,0.013645017447894084,0.02701931822651531,0.02455554838576741,0.023611903,0.032796532905391716
2023-08-10,0.01866631722227879,0.03033552468456394,0.0284981488616534,0.028299328,0.03258709603383336
2023-08-11,0.01866808579026834,0.031033920891089296,0.02893536025716329,0.028787605,0.03238250365939755
2023-08-14,0.018674938201041224,0.03086857677407031,0.028704090774239365,0.028177487,0.03221559213308049
2023-08-15,0.01854404002580138,0.030554351139101724,0.02888502167505909,0.028513387,0.032207423593777984
2023-08-16,0.018916994558964045,0.030093015105667083,0.026512562720227263,0.027557433,0.032573530405040144
2023-08-17,0.01738354148290963,0.03301499695433581,0.03471699678615633,0.032268636,0.04141052857335504
2023-08-18,0.0163823731754458,0.03282408480275752,0.03384756826757096,0.033137742,0.04048221324479797
2023-08-21,0.016434800162987345,0.03254336332600358,0.032447026006895766,0.03056388,0.038882857772576156
2023-08-22,0.020237890427847523,0.03261060492205073,0.032226359429353084,0.03068642,0.03755901173337745
2023-08-23,0.02036011207076854,0.03294075679604966,0.03207799856875707,0.03157657,0.036832510792451284
2023-08-24,0.02218789313211942,0.02819024295904285,0.027085102232928326,0.024970356,0.03602227732002248
2023-08-25,0.022129249790686624,0.028498697096770182,0.027361602533827283,0.02577733,0.035210288360362524
2023-08-28,0.02181844397370915,0.028416934165644014,0.02658670127198579,0.025167275,0.03452024778569815
2023-08-29,0.021798684245059093,0.02998139520714774,0.030858140068810654,0.029345782,0.039989782923154374
2023-08-30,0.022148879135229265,0.03057378819911774,0.03366147026654283,0.030243393,0.038848284038333646
2023-08-31,0.022210424457275196,0.030283724545891122,0.031111005052542533,0.032198086,0.04160776817930159
2023-09-01,0.022621574644419194,0.03210311914665249,0.0331275356715886,0.033972707,0.03985063114869873
2023-09-05,0.023336702855192508,0.030168832493433904,0.028468646153842606,0.032786917,0.03834428002854909
2023-09-06,0.023337944762770624,0.030012333793429012,0.029523937743777175,0.028669912,0.03709348644136656
2023-09-07,0.023365031307904634,0.027411276490799902,0.025746022226744852,0.028655378,0.03665169295504653
2023-09-08,0.023377080863818664,0.030389280504369107,0.02992260680767119,0.029277077,0.03597655229605384
2023-09-11,0.02342847647528,0.030016597356054966,0.032645817034986015,0.028860947,0.03659183176232163
2023-09-12,0.023678103965743807,0.030289873138141358,0.03280239077203773,0.028456941,0.03681971301094808
2023-09-13,0.02330475853619944,0.027979384540365408,0.02428350641804973,0.026865272,0.036225413311004456
2023-09-14,0.023526063142439133,0.027725668243614877,0.024622530847336798,0.026514363,0.03558495701506081
2023-09-15,0.02353663414689494,0.027397809364219927,0.025378749286183496,0.025516279,0.03482985457569786
2023-09-18,0.0235688315187156,0.027506663903607464,0.0252661371476745,0.025933627,0.03425398633511766
2023-09-19,0.023556650010644272,0.027463956287309747,0.025139122481834787,0.025574999,0.034249989853811946
2023-09-20,0.023597830185575448,0.027055807633891333,0.02549097965984976,0.024550684,0.03374327089657861
2023-09-21,0.024024024919486613,0.02648998276289691,0.026363839340311546,0.026594196,0.034122224535101046
2023-09-22,0.019872003216068242,0.0269427634556717,0.025239973698296777,0.026652614,0.03362422122096681
2023-09-25,0.019762066711421777,0.026941571275116035,0.025234415437154822,0.02641633,0.03342800871341664
2023-09-26,0.019786417556699097,0.026698654865179226,0.024606816693307096,0.02359263,0.03307800452389084
2023-09-27,0.01987492949277304,0.027391677219782203,0.025357250240437577,0.026243655,0.032826637195256636
2023-09-28,0.019926706291576057,0.027211872738205814,0.025860728720134934,0.026378129,0.03373935858403398
2023-09-29,0.02006654796418438,0.023676498251536372,0.022507973381552197,0.024822712,0.03334335985887059
2023-10-02,0.020226756886762603,0.025368366027438933,0.021532738773035496,0.026668696,0.03394258446005222
2023-10-03,0.02029193104385935,0.02523384796336689,0.024128420883502432,0.023782523,0.033502523979612675
2023-10-04,0.017339876093699254,0.02550952965423866,0.023642008010471224,0.02457102,0.03345142273182653
2023-10-05,0.017133570019044086,0.025522661427095743,0.024687245253193327,0.02707867,0.03343615744672698
2023-10-06,0.014222263750594773,0.02672614829879345,0.024947575440294155,0.02640914,0.033743831185014915
2023-10-09,0.017743881634733574,0.02664961783758023,0.025605483330366312,0.027815547,0.03363043916513577
2023-10-10,0.017774289873997984,0.02754139056858427,0.0265488286790745,0.028597333,0.03331520029794543
2023-10-11,0.017795162859145536,0.024713597859873652,0.020536588524782833,0.024433121,0.03364146017607211
2023-10-12,0.017667241379658315,0.024310212588835114,0.019366879273474816,0.022987181,0.03326822745485587
2023-10-13,0.01822224795708067,0.01734479228304562,0.019126604288237065,0.021192195,0.03295972481006639
2023-10-16,0.02538259345162307,0.020299806731877437,0.02047561950916306,0.022753833,0.038846118056966965
2023-10-17,0.025339284686944942,0.019327081354210723,0.01985643674725167,0.02093374,0.03752967088496891
2023-10-18,0.0253631127630169,0.02192136114323031,0.020303911338904336,0.022716418,0.03643380500944973
2023-10-19,0.025597581668579478,0.022316447399633673,0.019508525104096067,0.021447066,0.03583946320512065
2023-10-20,0.025737516310920562,0.026836905679524042,0.02251942043284764,0.025588265,0.03688844603461867
2023-10-23,0.025786918709040863,0.023991532815967453,0.02637633079337478,0.024596984,0.05232505773905953
2023-10-24,0.025744945251935214,0.023954115263681307,0.025456822932908966,0.02442784,0.04964619013532788
2023-10-25,0.02577933970387288,0.029372402175773374,0.03023699518732618,0.026203714,0.047020315245736154
2023-10-26,0.02553469756575604,0.029349428136307924,0.03012601876741827,0.027552688,0.044518908384389676
2023-10-27,0.025635461668087032,0.028878683471591244,0.03186727262933223,0.028220627,0.042336328952142364
2023-10-30,0.02536864221147527,0.029952941819433043,0.028553206660146525,0.029496362,0.04087640347325262
2023-10-31,0.02525729660326768,0.028438550730164713,0.02823488774844003,0.028813116,0.03923507658724704
2023-11-01,0.02525236007291697,0.02863286848600368,0.028065738330164083,0.028334701,0.03860689177535074
2023-11-02,0.025335178587267852,0.028309739420713107,0.028959687793017184,0.028893348,0.037639627253686705
2023-11-03,0.02521589739984983,0.028728022788779662,0.030024603354158547,0.028980663,0.0365674594104726
2023-11-06,0.02580676216148123,0.022682391252544447,0.0250753152492287,0.026101103,0.035756372944877865
2023-11-07,0.026545021118489526,0.02318047881708137,0.023840155794513766,0.024777561,0.03519147906733087
2023-11-08,0.02839117377017813,0.02320963226547057,0.024227932363427223,0.025735812,0.03455910827025991
2023-11-09,0.02994057948589317,0.022671776863145896,0.023789724723502863,0.024728429,0.03543901302514962
2023-11-10,0.02988751558967411,0.022770786985899658,0.023423807666276483,0.024941761,0.03519409024271681
2023-11-13,0.029706151198826806,0.02526614576945702,0.026353624316349765,0.026887579,0.035350070864477126
2023-11-14,0.03125963107848738,0.026933058239998406,0.026665413879988137,0.029039707,0.03587783211709432
2023-11-15,0.031438392278299296,0.035560981113051095,0.029618678709713662,0.03045743,0.041601754017831914
2023-11-16,0.031311851981712185,0.03549063196541312,0.02782636047398668,0.028844303,0.043036089583975555
2023-11-17,0.03158869053825454,0.03504012915251359,0.028491476470734887,0.029697744,0.04123098220191998
2023-11-20,0.030225865511530347,0.03509853915490861,0.028201942883095823,0.029797092,0.04036625638318572
2023-11-21,0.030171253032214088,0.03678315444827132,0.03543978925359375,0.03289383,0.04191568113964662
2023-11-22,0.030182804897396394,0.03600374756887499,0.03022422230468839,0.030948771,0.04296481823996794
2023-11-24,0.030316306122863984,0.03526011333155102,0.030955270598083034,0.031435058,0.04103832685666024
2023-11-27,0.03279290912487954,0.03275507423791558,0.029066195920030728,0.030246772,0.039575667284982866
2023-11-28,0.028192065588753753,0.030967990118734582,0.026389326263928533,0.02833098,0.03849365083054054
2023-11-29,0.02821803535242765,0.03088971915731555,0.027688604887247968,0.028646326,0.03721636712725715
2023-11-30,0.02837009078023968,0.03065453656506782,0.02914909129170295,0.029665299,0.03618445738169787
2023-12-01,0.02825601471908189,0.03160702079722233,0.02993903593503033,0.028869623,0.0364295801810203
2023-12-04,0.03146578680075911,0.035621393136488134,0.031768216594320116,0.032854185,0.04562231841233499
2023-12-05,0.03140035383673021,0.03424869516127131,0.02869482496112913,0.029720077,0.04646482080506125
2023-12-06,0.03181280571374958,0.03425827817203194,0.028713170713100557,0.028697563,0.04398777500952141
2023-12-07,0.031695166419945874,0.03428362569094893,0.03076281623410751,0.030664396,0.041971325538668634
2023-12-08,0.03202410866751098,0.03415137015008594,0.030975289734032747,0.030873839,0.04072391827823985
2023-12-11,0.03199518864031183,0.03731125479646364,0.03428874008651935,0.032961413,0.04586380901273286
2023-12-12,0.03211130157696021,0.036419966003329966,0.03301481125980536,0.0336506,0.04343254749036219
2023-12-13,0.03244742672482887,0.03565866924828512,0.03355701742912129,0.032553855,0.04304570442008569
2023-12-14,0.03244898841525332,0.0351139969599985,0.03433294178968663,0.03212175,0.04103264629727672
2023-12-15,0.03219254617800028,0.035469242639313045,0.03405315532497288,0.03340467,0.04035474404028345
2023-12-18,0.03294180712751769,0.034892274406968224,0.033850475882286166,0.033259254,0.039188701218351836
2023-12-19,0.03269790044318706,0.034810534170840145,0.03405742570968384,0.03349298,0.03790490176194645
2023-12-20,0.03245877594998739,0.03470696847266611,0.03297165455672272,0.032726444,0.03842209862129027
2023-12-21,0.030718015006632828,0.03435062006456318,0.03136486617674625,0.03149188,0.037196849627002836
2023-12-22,0.03123572516828213,0.034654861931123486,0.03329393787960724,0.033157345,0.036157666422734526
2023-12-26,0.03280612741598175,0.035051447084163745,0.03337024396412331,0.033486947,0.0372666807363761
2023-12-27,0.03296258109224168,0.03528426863589976,0.03345768059516557,0.033436414,0.03697531980742685
2023-12-28,0.03156160636345775,0.03509671997913552,0.034271728221574906,0.03324362,0.036568949459837186
2023-12-29,0.032419574325015695,0.03430325068776476,0.031668974836211436,0.031055244,0.035893526623248254
2024-01-02,0.03274977491992392,0.03543814975818738,0.03261088310998956,0.032237332,0.04196514273405435
2024-01-03,0.03255450834547891,0.0349315529882,0.033414559637148504,0.032854855,0.04351057041094062
2024-01-04,0.03260405894561947,0.03477569634393769,0.03292409217205191,0.032281306,0.042778858552163526
2024-01-05,0.036156618363101085,0.03471207049427765,0.03265661633146163,0.03241736,0.040794077079339866
2024-01-08,0.036128273928241084,0.03459278863484939,0.03272636233679837,0.03261358,0.044707397782604776
2024-01-09,0.035991534157242225,0.03458704191962327,0.033692956722878996,0.032713186,0.04287844353319128
2024-01-10,0.033458177157768096,0.03445566661163446,0.03327533526032367,0.03249964,0.04104387494848694
2024-01-11,0.032192243866264576,0.03538143857017549,0.03434446828144522,0.033464063,0.039387765747463846
2024-01-12,0.033461024450462874,0.037523419084029314,0.03835141365454361,0.03667908,0.046965727859162774
2024-01-16,0.03350259248084099,0.037965478860161696,0.037226129837526926,0.037637357,0.0444000881109852
2024-01-17,0.03326964561450196,0.037571689183232775,0.03831053671436527,0.037058648,0.04229377033690321
2024-01-18,0.030908223821253737,0.03549798152479927,0.033855899584420215,0.034803007,0.042237508600158534
2024-01-19,0.03207454082964786,0.03541304959207277,0.033467071567902094,0.033946566,0.04045181125366817
2024-01-22,0.03208986751205459,0.03608725596051069,0.03558757480427323,0.03544933,0.042922800416252516
2024-01-23,0.03211871344678811,0.03571233493424629,0.03610656360667135,0.036368348,0.041023971138253096
2024-01-24,0.03179680160008598,0.03554065242418641,0.03642781067798399,0.035281003,0.03937504110630322
2024-01-25,0.031724884657560924,0.0351485446666671,0.032097283356258145,0.032610074,0.037968171775576355
2024-01-26,0.031684514281310784,0.03521562207834724,0.03322703674162596,0.033648472,0.0401753133921304
2024-01-29,0.031198621195212575,0.0347858863660049,0.031931536518669555,0.033801556,0.04047462677737444
2024-01-30,0.031243346990033696,0.03447777901351162,0.03281489289715246,0.033080935,0.0389593933101575
2024-01-31,0.031680311753582366,0.03358374075421223,0.03224216843147021,0.03211597,0.03772423450768954
2024-02-01,0.031232397914543814,0.033246233228949346,0.03180091469879153,0.03096573,0.03680090853890408
2024-02-02,0.031803837663650567,0.033580649635910655,0.03232735368343913,0.031561412,0.0358278964527587
2024-02-05,0.03306843628190088,0.032273329558194626,0.03195518941487527,0.031779625,0.03528115148481506
2024-02-06,0.03295078171242059,0.03247247789276237,0.032328206657649884,0.032194193,0.03474454591157506
2024-02-07,0.03168259501262919,0.03292310464790197,0.0329102344640193,0.03256917,0.03553838753611521
2024-02-08,0.030082722850914907,0.0319677691089732,0.03135849222377328,0.031201206,0.0356216508609988
2024-02-09,0.02973462153805651,0.03276115265934201,0.03233781970164878,0.03242778,0.037558258856301374
2024-02-12,0.029719857569389833,0.03264336396053198,0.033358061378456046,0.033165827,0.04172177930827171
2024-02-13,0.027863296453765292,0.0328104448463634,0.03249056472891935,0.032574087,0.03993556091907542
2024-02-14,0.027700541934495518,0.0325146608315398,0.032115075587675554,0.031479124,0.04102408509880207
2024-02-15,0.027795954838641293,0.028897921524726488,0.029656965868902888,0.030167367,0.039329919559812666
2024-02-16,0.030472901687383477,0.028048176875653124,0.02986315622196864,0.029744377,0.037939281067641335
2024-02-20,0.02688211450390919,0.028350831551426127,0.030220419767848162,0.029653028,0.03676591872268428
2024-02-21,0.030681929347454895,0.027477648820440206,0.030213435636730172,0.029895192,0.03591367950916491
2024-02-22,0.03103623487230966,0.0287280658164246,0.030315881387717153,0.03178398,0.03527508153221866
2024-02-23,0.02975106330735801,0.028485154311546423,0.02977599418863552,0.03139676,0.03478812648661224
2024-02-26,0.032824556852085865,0.031122565944973056,0.02898133161270531,0.031337894,0.04250041335553173
2024-02-27,0.03412813602457642,0.02721152644284493,0.027659532509173284,0.030134244,0.043643817324394624
2024-02-28,0.03428004901715953,0.030983893617025936,0.03214984339735981,0.03334725,0.052309803509592266
2024-02-29,0.03422802483543303,0.03240411678639271,0.0321172210118873,0.033757146,0.049451460930567306
2024-03-01,0.03400770797021054,0.029744491462649347,0.030769174496189225,0.03159977,0.046979797626239606
2024-03-04,0.03428118752330504,0.03317662800277584,0.03316345639562516,0.03204114,0.054463236007561575
2024-03-05,0.03448325109593811,0.036150534719639964,0.035779229173790957,0.03671694,0.05615755689071253
2024-03-06,0.0341816486825283,0.03406673074136815,0.03423406958525444,0.035466973,0.05366699727166057
2024-03-07,0.034674525881313895,0.03343635957152895,0.031248581426356885,0.031821553,0.05024408510898673
2024-03-08,0.03564933238585758,0.03398428116394761,0.03063115324840829,0.031906437,0.047661426780451696
2024-03-11,0.03643433436279762,0.03375772287955805,0.033488189016928654,0.034371313,0.048818591187910695
2024-03-12,0.040675618052829744,0.03340345366170024,0.031355208181779864,0.032901157,0.04601537375205366
2024-03-13,0.04321651169388863,0.03400600400097476,0.03346401308589644,0.033131633,0.04421482361895777
2024-03-14,0.04414079652295402,0.03362254818760244,0.03356038916475694,0.033094082,0.04279455428224806
2024-03-15,0.0446856647554646,0.03612673922858449,0.03606480727228661,0.03600462,0.04199804464190299
2024-03-18,0.046821741931425645,0.03857918449442274,0.038553168601524614,0.0381671,0.041248264268869426
2024-03-19,0.04609764777823216,0.03922650751909587,0.03663804034295466,0.037596628,0.04995093622689741
2024-03-20,0.046140115806585925,0.04316513768566854,0.04106004564746035,0.04126223,0.057012241269597225
2024-03-21,0.045817847649285814,0.04231874304343223,0.040001748214530966,0.040354557,0.05445099841794192
2024-03-22,0.04602773047561394,0.043963219729759175,0.04794846126241233,0.043747246,0.05157689327170944
2024-03-25,0.047906455536809674,0.046797033219840696,0.048511015692011474,0.047346145,0.05815629141645445
2024-03-26,0.047896527926284516,0.04602320500906557,0.04631242493152205,0.047101174,0.05392786884527209
2024-03-27,0.0480953243240466,0.0446410784979626,0.04659369877709375,0.04681099,0.05035375905901738
2024-03-28,0.048088187883381185,0.04448465691224041,0.04590335140876508,0.046144053,0.04765749359265632
2024-04-01,0.04861194705397697,0.04456121740528016,0.0463210630657957,0.046461683,0.045220691243347114
2024-04-02,0.04795085946816903,0.04648908007736263,0.04857186414274367,0.048476227,0.04821472909294438
2024-04-03,0.04748032129853694,0.046741009940200966,0.04993076974886305,0.049090035,0.04548311921854706
2024-04-04,0.04482766224977786,0.047728730217517966,0.050167170951537415,0.050657585,0.04504904709394393
2024-04-05,0.04537796120499421,0.047918129923038476,0.049200395509030305,0.047544666,0.04284715503833096
2024-04-08,0.04658261047911503,0.04794330333142216,0.04887130055992426,0.04911531,0.04509124694251786
2024-04-09,0.0434273687611367,0.046670381610276784,0.049243603610501424,0.05017037,0.04451218465129676
2024-04-10,0.04223647715536497,0.0465066963998511,0.049428273564474566,0.04905285,0.042875891338804595
2024-04-11,0.04224679477286309,0.04539957397548422,0.046527117278316765,0.046548557,0.04095995379739283
2024-04-12,0.04218750772191276,0.04584857593634298,0.04684770340994395,0.047027215,0.041911219858214194
2024-04-15,0.04289497452416896,0.04625410350049296,0.0482397243311974,0.04730771,0.04489367005007287
2024-04-16,0.041614804503606544,0.042528865641859495,0.04239179537609797,0.043972846,0.04262945465028159
2024-04-17,0.041958990077788486,0.04116796881112002,0.04178548865204614,0.042229436,0.04308314529033061
2024-04-18,0.04170025205136506,0.0414066257698945,0.04214427136602665,0.042526808,0.04293207785775006
2024-04-19,0.0415671377705747,0.04170523990134893,0.04154078238211132,0.04194514,0.040963219828395306
2024-04-22,0.04131538318723394,0.04174662662220116,0.042908170581759976,0.04299421,0.042435376603247456
2024-04-23,0.04204420109251064,0.040640871251629476,0.04033075995494304,0.040446036,0.04056863458590041
2024-04-24,0.03963002520768683,0.041270426895382566,0.0416113630727473,0.04153279,0.040587199571340965
2024-04-25,0.03556930769694968,0.04088570783940965,0.041108082297745645,0.040799417,0.038973555301480084
2024-04-26,0.037032445067422044,0.04093905293939164,0.04122952214132047,0.040855136,0.037823084751199325
2024-04-29,0.036737066586951556,0.03990877565818944,0.040779927206336344,0.039490364,0.036663305626167444
2024-04-30,0.03233345636807409,0.04036362886327704,0.039637202578396286,0.039990015,0.04001320840689079
2024-05-01,0.032432815872556524,0.03832149959821108,0.03799480727983337,0.03838243,0.040968237503391555
2024-05-02,0.03302811823863922,0.03751864021292128,0.037629424773190624,0.03743841,0.03961828178421874
2024-05-03,0.03330699951732364,0.036334300132590626,0.037154944634389564,0.03859915,0.04387204988740716
2024-05-06,0.03400221447677065,0.037294375255633914,0.03478156808565119,0.036914974,0.04174154563587001
2024-05-07,0.03230039616195012,0.034092269958313264,0.030541705669808197,0.031785827,0.040190163088444676
2024-05-08,0.03511657697400553,0.03381072709886392,0.031233252375447114,0.030826593,0.03917172206759092
2024-05-09,0.03449994729709183,0.03396535013978045,0.030825948286798095,0.031062856,0.03921468814709256
2024-05-10,0.03486589367814309,0.03414120127660829,0.03050407761611394,0.031756073,0.0399181822887877
2024-05-13,0.03539410609264788,0.034335365732254666,0.030695565376162026,0.031518254,0.04021947037411591
2024-05-14,0.03494434116864218,0.03369671713352992,0.030022859379536738,0.03091204,0.03939143935197579
2024-05-15,0.034832760701649215,0.03368811264376268,0.03228012701494085,0.032847982,0.045949607211354576
2024-05-16,0.03494624238881557,0.034122801668594785,0.029735287521108066,0.031839266,0.043819892810099396
2024-05-17,0.034123721262443944,0.03407557832656274,0.029423474955462558,0.03102877,0.0427740212963838
2024-05-20,0.03231142867526162,0.035806572138780884,0.03195366506323793,0.03332119,0.04647706465026258
2024-05-21,0.03239019665372637,0.035395602848122244,0.028881700239502886,0.031188745,0.044395474364241266
2024-05-22,0.031417879073402925,0.0351060610234352,0.0317676760665182,0.03164551,0.04246414145517256
2024-05-23,0.030951879335364595,0.03515814978522845,0.030774319574779024,0.03179263,0.04098684899193473
2024-05-24,0.031107915329094186,0.034462256726675314,0.029839413533513867,0.031759348,0.039411046541364694
2024-05-28,0.030337959253430635,0.03506400781475447,0.03132771092365793,0.030902894,0.03799561957986631
2024-05-29,0.030312456541126073,0.033973690146556386,0.02854532102543513,0.03018934,0.03698933375585438
2024-05-30,0.029624773117437744,0.03413338903966877,0.030765573752407557,0.030842543,0.03620047469478012
2024-05-31,0.029931163717171163,0.03355394802271453,0.02882574400144953,0.02919771,0.0356097933810834
2024-06-03,0.029818378398758078,0.034010780730362115,0.029756067309138254,0.030653134,0.03548825621589736
2024-06-04,0.030486459698962513,0.032473471297074674,0.02971690768404284,0.029780008,0.03585459553520804
2024-06-05,0.028834063773622222,0.032315847275724785,0.028260099585930207,0.028140765,0.035131699642328686
2024-06-06,0.02806028175264724,0.03150037122926383,0.028678656793606705,0.028996173,0.034484670496859694
2024-06-07,0.028134227213891437,0.0321761532534671,0.028763802853603415,0.028628329,0.03465084907662398
2024-06-10,0.025927173771930236,0.03173026982676031,0.029411753829349154,0.029362042,0.034065201259737374
2024-06-11,0.026240116578711937,0.033436580840082615,0.027552137532338747,0.029192438,0.03538954509151235
2024-06-12,0.02612799768819667,0.031444164381737805,0.0273521297718378,0.028407736,0.034975842005381834
2024-06-13,0.02597159022080414,0.031128124021304552,0.02836513698969831,0.027401598,0.03517657776291343
2024-06-14,0.027817357006383256,0.031118941345963734,0.027366422862405856,0.02738773,0.03470791038449324
2024-06-17,0.027414857652119057,0.026441300045253018,0.026329830725495565,0.025203846,0.034195225269613744
2024-06-18,0.026824158595055228,0.02704620303004287,0.028576063069274717,0.026638811,0.034442802843790955
2024-06-20,0.02665416350884543,0.026431749686068217,0.02642109263172585,0.025412168,0.03392667830749408
2024-06-21,0.022973148032030526,0.02672139533998548,0.02763880878594942,0.025863597,0.033701430117466
2024-06-24,0.024209026179569035,0.03273266033748257,0.02827645885359055,0.028480195,0.03964900688030677
2024-06-25,0.023676249681202955,0.03308250312724941,0.029600640282043175,0.02916654,0.03917141107289312
2024-06-26,0.020648366598629116,0.028142771968623956,0.030396792071394514,0.026247092,0.0382033131071261
2024-06-27,0.02282049602772708,0.02811579283165054,0.030142187340742744,0.026587546,0.037253582283870594
2024-06-28,0.02281933169103433,0.024449112710711044,0.023199606846845366,0.024033343,0.03693721512641913
2024-07-01,0.023335030718694454,0.024732679586059653,0.02643277944687453,0.025105758,0.03871609996073272
2024-07-02,0.02318554174587753,0.025010168919424487,0.026484025193209915,0.024448419,0.037684714001238545
2024-07-03,0.02318220705310056,0.024540834242636696,0.028050368597126,0.025358599,0.03806645240159838
2024-07-05,0.0233323893418991,0.024686217843391704,0.028499123733348265,0.02710621,0.04247003043061329
2024-07-08,0.03177576650652633,0.024512516749357862,0.02627794231100656,0.026322361,0.040535245431711886
2024-07-09,0.03171879910975853,0.02423567440799832,0.02496125557484632,0.025177164,0.039723283944414135
2024-07-10,0.03157470839386425,0.024733859934912252,0.025983771051375323,0.025664976,0.03827134472813044
2024-07-11,0.031140390277183277,0.023809417769406458,0.02536068588189917,0.024764217,0.03711051006246772
2024-07-12,0.03216841090378703,0.024681746406955887,0.02555644597044947,0.026653694,0.03622948812248297
2024-07-15,0.03228237361856371,0.03591127254171777,0.03540176312483157,0.032732975,0.05328902259954958
2024-07-16,0.032385760246200525,0.03520616254093071,0.03229421010308417,0.032762278,0.049748610770578044
2024-07-17,0.032399040635182494,0.03629326333850234,0.032411639717417916,0.032973453,0.047002685584803174
2024-07-18,0.03193278106268829,0.03651161502138403,0.03135697575994353,0.03204951,0.04437025639162602
2024-07-19,0.032392560884210615,0.035491404954027625,0.03267116953585528,0.03307597,0.044622149880493574
2024-07-22,0.032275077351187426,0.03417139515001297,0.03296717945523069,0.032681555,0.04259306078301597
2024-07-23,0.032253858023447164,0.034573932100982564,0.03284797505858312,0.032499306,0.041560856409977844
2024-07-24,0.0325230244230436,0.03443737502833092,0.03125807209792853,0.0322793,0.03988249674353665
2024-07-25,0.032382421811516696,0.03344865522522662,0.031437443577842235,0.031228762,0.038430938882316495
2024-07-26,0.034321373165491366,0.03329245792552738,0.03266331553464694,0.032518186,0.038815847946512744
2024-07-29,0.04141675631694455,0.03431040079536517,0.032959204105818575,0.032499913,0.03791180144308847
2024-07-30,0.04074922691943275,0.03468116911325491,0.03148861942382149,0.031647786,0.036878403225026946
2024-07-31,0.04050761514452463,0.0329008495554598,0.031614407595835094,0.031030348,0.036869830067585305
2024-08-01,0.045826463586660524,0.03280078927705798,0.03142887988232641,0.031607002,0.036094138473677845
2024-08-02,0.04583316203744305,0.03445224004491303,0.033330740769913825,0.03501008,0.04144767158570551
2024-08-05,0.045906812011702526,0.04374755572332012,0.03896531895996456,0.039246712,0.06013924971882271
2024-08-06,0.04542048214736794,0.041461897673143386,0.036850474864778326,0.037623037,0.05714844909664154
2024-08-07,0.04570646674051917,0.03746406606132962,0.036821603400370904,0.036391865,0.05343696228606775
2024-08-08,0.04552553346157194,0.04804710573503419,0.044774361997406364,0.044459708,0.06405245300401795
2024-08-09,0.044345868663133135,0.04769565358261823,0.0457493830497199,0.045328397,0.05923094380059891
2024-08-12,0.044374975897603336,0.046062202689410255,0.045171462714339035,0.046148237,0.0555748619115766
2024-08-13,0.04422544375094895,0.046054932748488764,0.04377196561806398,0.04509075,0.05221836674512304
2024-08-14,0.044680208535837165,0.04524349027585475,0.04421798214947023,0.045388576,0.050040462836116496
2024-08-15,0.04473613117580925,0.04450470171605489,0.04471543744837909,0.045935337,0.04748486895721473
2024-08-16,0.045957316064820314,0.04299564702833971,0.04129192465167836,0.0435318,0.04548854843446125
2024-08-19,0.041107388261036465,0.04187438644589705,0.03980226893796388,0.0399261,0.0432256808748081
2024-08-20,0.04226439223311226,0.04231951722466571,0.03886413053982803,0.039848775,0.04126787415149108
2024-08-21,0.04221385300805007,0.042573663838517566,0.040367984582974,0.040673304,0.04149370887815856
2024-08-22,0.04224476164789067,0.04170377987065793,0.041137768418536384,0.041797142,0.039978691554851
2024-08-23,0.04140576560537704,0.04153113199942674,0.039993526545363735,0.04212982,0.04377798878539973
2024-08-26,0.041519132506423334,0.0379803111560591,0.0320248549950393,0.03718605,0.04217145748239011
2024-08-27,0.04143738921912286,0.0402876725746839,0.03900479458227325,0.03949425,0.044695170550223685
2024-08-28,0.04173511336649124,0.040116858835895754,0.03822317631656715,0.03854813,0.042502352026981764
2024-08-29,0.04216058596116368,0.039894239095244116,0.03709955120358027,0.039022956,0.040617744366699224
2024-08-30,0.04310518601094484,0.040734348932535504,0.03974858893164139,0.03654141,0.03901552662343751
2024-09-03,0.04316505958455836,0.040887407224296186,0.04123293047313957,0.038251717,0.03899663205092577
2024-09-04,0.04315723082940032,0.040758811715180775,0.03666956863069927,0.037353113,0.037776081868990063
2024-09-05,0.0431226825302062,0.0418640980288437,0.04005545145641151,0.039244838,0.03827653758524709
2024-09-06,0.0438162084274711,0.043220579771532826,0.03837866964262183,0.040011458,0.03962698210620975
2024-09-09,0.04295391035972403,0.042608153793444514,0.0397235417452236,0.041194547,0.042814711767066235
2024-09-10,0.036138411352588426,0.044202816555600606,0.04291716060734534,0.04272949,0.0410050943572728
2024-09-11,0.03575882322862081,0.04339595855678226,0.044093117424299014,0.0425775,0.0393509488143705
2024-09-12,0.035663665545191195,0.04341136024465504,0.04289973411745175,0.04130687,0.038225216822619416
2024-09-13,0.02897512750970817,0.04312784373114467,0.04382488037988743,0.04237292,0.0397150239976315
2024-09-16,0.02884883509095568,0.04328269695091836,0.04295478038393956,0.04196094,0.04073194616228595
2024-09-17,0.028503862190081948,0.03634156311414081,0.039420690164329385,0.038185045,0.04103801056772985
2024-09-18,0.028534486702332735,0.03699422822761567,0.03750284819081632,0.037252545,0.04008388374189394
2024-09-19,0.028364233990507186,0.03572232059996182,0.036101153610183116,0.037576932,0.0392171762625829
2024-09-20,0.02802336856506631,0.03162879979072547,0.0290362175886096,0.030772774,0.03784220368251314
2024-09-23,0.028841021906825966,0.031013232390954912,0.030788898602894278,0.03021436,0.03668392801836468
2024-09-24,0.029821994574818843,0.029473052690700764,0.030425491350662654,0.02964958,0.03611795742161347
2024-09-25,0.029785942144813515,0.029121722412245223,0.031063505760885835,0.030294389,0.03582765684735054
2024-09-26,0.02904278483315537,0.028414146715465396,0.031245553303931313,0.030727893,0.03674702937635357
2024-09-27,0.02919650663158922,0.02699771251666164,0.027667156083110836,0.02771077,0.035921107458115394
2024-09-30,0.027014921547031903,0.027996821084869592,0.027867988286400833,0.028226972,0.03755586260225112
2024-10-01,0.026797951887971933,0.027811591352605934,0.028655255510396365,0.028841093,0.03906710085180218
2024-10-02,0.025196939228361373,0.02822732862968818,0.02845017345567582,0.028930336,0.037709868363959426
2024-10-03,0.025167804189589752,0.02774612539108982,0.027852190999101578,0.02822785,0.03657398927971672
2024-10-04,0.025940432407266227,0.02807394164448599,0.02961450960850068,0.029470626,0.0364050061712674
2024-10-07,0.02773761674048421,0.025017325246265557,0.02679534335246128,0.028237762,0.035503780038123614
2024-10-08,0.02710584858165298,0.02516284270902598,0.027241667425480384,0.027739886,0.03475646793475955
2024-10-09,0.02710162209436836,0.02319849011599587,0.024914256156016768,0.025372216,0.03527190731890705
2024-10-10,0.026249875534104808,0.02385743942532903,0.025067493652122675,0.025276171,0.03460777851939167
2024-10-11,0.024789304749476597,0.024508231944591504,0.02767566900904275,0.02667666,0.03621243716614393
2024-10-14,0.023452532438171535,0.028822604351974902,0.031228215286940947,0.029786043,0.040437941556101496
2024-10-15,0.023451482628353167,0.0251855224586953,0.02926622888506682,0.02997782,0.03918563047571455
2024-10-16,0.023635498277638858,0.02531678723837488,0.027582692490419884,0.029924277,0.037907091682771725
2024-10-17,0.023890897303635944,0.02426296846466553,0.027080388504155537,0.028833482,0.036746406163792884
2024-10-18,0.023418704803351686,0.024349133028017382,0.02545011938245353,0.027318478,0.0361570267308324
2024-10-21,0.023319665644986817,0.024301040418374463,0.026460816085091567,0.026458541,0.035702545794568816
2024-10-22,0.023492223556864054,0.025315761526969044,0.026989639293078804,0.02756335,0.034914303380261906
2024-10-23,0.023388539903311904,0.024568987206186024,0.028158205325555005,0.026322756,0.034614107742451286
2024-10-24,0.02405185972990794,0.024548095575361206,0.02704502980130487,0.026045343,0.035197878737327916
2024-10-25,0.02418959775814584,0.023472444932168834,0.0249161328939864,0.025796924,0.035395005152113704
2024-10-28,0.02470591499923572,0.02639556194497626,0.025242200267408806,0.028042689,0.03851071753740126
2024-10-29,0.024874345741017975,0.026131019308707943,0.024314205576844033,0.026857805,0.03971819788633223
2024-10-30,0.028904301492251,0.025528755484355813,0.025168991372607887,0.026659139,0.0382773184524013
2024-10-31,0.02849391015318151,0.0205633021745006,0.02607859100660093,0.02529315,0.03848390968536843
2024-11-01,0.02848975212643175,0.02344392181548293,0.02642856003013006,0.025751984,0.037388963426451524
2024-11-04,0.037503623341370945,0.023630765377435373,0.026973648329013337,0.025677703,0.03729244530694622
2024-11-05,0.03643716304791906,0.02420926019108181,0.02759409816985574,0.026701448,0.03707731820140861
2024-11-06,0.0364435736829235,0.032122519593620155,0.03191513741870927,0.029746844,0.04715491505015414
2024-11-07,0.03756588904853848,0.030642599628576524,0.030579429710270466,0.030320479,0.04450948192812093
2024-11-08,0.037951367102055336,0.030466634184026942,0.029245933074737034,0.028825566,0.0423545769365985
2024-11-11,0.038060372812509784,0.046615143579305976,0.03880122443287748,0.038244396,0.06564006450805024
2024-11-12,0.037985812152383884,0.05000420799092292,0.0378492440680757,0.03948687,0.060494151040885485
2024-11-13,0.03730539945067408,0.03909381274514245,0.035852577895711966,0.037207235,0.05689657408310899
2024-11-14,0.0374608219143362,0.039447652632594504,0.03423297555460333,0.03591847,0.054452308337845326
2024-11-15,0.03733983721943555,0.0377707203638724,0.034299292330228354,0.036202867,0.05290871566209995
2024-11-18,0.03904397513655204,0.03829921535886506,0.03666570320619118,0.03728032,0.04944834978834433
2024-11-19,0.039271303881252294,0.04012994158828392,0.03841934378912154,0.03656872,0.04695642806255331
2024-11-20,0.03969396048556316,0.04040857168506406,0.03825654890471423,0.037458744,0.04495405816501259
2024-11-21,0.039599704030372065,0.04019828347074037,0.03614560317071577,0.036460135,0.045241678061923384
2024-11-22,0.039941923997240183,0.04044626562531897,0.03669645409711819,0.037040737,0.04290636930101788
2024-11-25,0.039670232622545716,0.040011900633787935,0.040715209701971476,0.038445726,0.04622547294519846
2024-11-26,0.03971664907463705,0.039342647937913096,0.03916267902932302,0.038891803,0.04390834276033852
2024-11-27,0.0399392637034848,0.039632303347286915,0.0386523288652081,0.038983542,0.044306993214600514
2024-11-29,0.04006020242037069,0.03959406114786536,0.03836654087410838,0.038276616,0.0424307468784868
2024-12-02,0.0401445837553878,0.03936303849266489,0.03790786154388828,0.037884884,0.040913586880231875
2024-12-03,0.039746762058587966,0.03801076396670636,0.03589573908072375,0.03746025,0.039233455965621625
2024-12-04,0.039911388946163855,0.038754394374130016,0.03890890175356062,0.038197935,0.039120301678160385
2024-12-05,0.04001020133315435,0.0396906488147323,0.03944477007638272,0.038881984,0.03853560053191338
2024-12-06,0.039269454085589316,0.04004657404626663,0.03929982901983278,0.039329108,0.03909877069090394
2024-12-09,0.03944186113654434,0.03990916569870378,0.03895179320441163,0.03850488,0.03874104568105796
2024-12-10,0.03885688368726637,0.03773971854266246,0.03721038958191625,0.038142957,0.037520672759714845
2024-12-11,0.04110439927601898,0.037980423507240756,0.03719559176511712,0.03734236,0.03975146493640121
2024-12-12,0.039162871346503314,0.03872215908579846,0.0370878841796046,0.03652525,0.03846300501191742
2024-12-13,0.039166598267571295,0.038054374389402096,0.03766071700807093,0.037513364,0.03751560815199593
2024-12-16,0.039853032658483216,0.03807174050127988,0.03695405196936555,0.036649775,0.03955160125386088
2024-12-17,0.030607746257837274,0.03835811893143887,0.037442190839562225,0.036638413,0.03809603239283402
2024-12-18,0.03113386881156212,0.03876028543031169,0.035354226109877235,0.035874896,0.04232692276795915
2024-12-19,0.030923089087866337,0.0382575868938392,0.037948397296230535,0.03767435,0.04141725741486808
2024-12-20,0.030240690249112384,0.038738368456303546,0.03963564461020677,0.040110942,0.039663047195457476
2024-12-23,0.029277417282351042,0.038342189357952375,0.03738320583927547,0.037485663,0.03979344917568281
